<?xml version="1.0" encoding="utf-8"?>
<HarnessInformation>
  <Harness>
    <P Name="Name">controller_Harness_PedalPosition</P>
    <P Name="Description"/>
    <P Name="CreatedBy">Matteo</P>
    <P Name="CreatedOn">Thu Jun 20 17:49:38 2024</P>
    <P Name="ModifiedBy">dadog</P>
    <P Name="LastSaved">Fri Jun 21 12:58:01 2024</P>
    <P Name="Owner">158</P>
    <P Name="OwnerType">SS_HARNESS</P>
    <P Name="OwnerPath">ThrottlePedalSafety </P>
    <P Name="Directory"/>
    <P Name="FileName">controller_Harness_PedalPosition.slx</P>
    <P Name="SavedVersion">23.2</P>
    <P Name="HarnessUUID">43a77341-333f-480e-8128-a988a45ba9cf</P>
    <P Name="HarnessConnectionsMap">0,1|0,1|0,0,0,0||</P>
    <P Name="VerificationMode">0</P>
    <P Name="HarnessOwnerCheckSum">0,0,0,0</P>
    <P Name="RebuildOnOpen">false</P>
    <P Name="RebuildModelData">false</P>
    <P Name="Graphical">false</P>
    <P Name="DriveFcnCallWithTS">true</P>
    <P Name="ScheduleInitTermReset">false</P>
    <P Name="AutoShapeInputs">false</P>
    <P Name="SLDVCompatible">no</P>
    <P Name="SynchronizationMode">0</P>
    <P Name="IsImported">false</P>
    <P Name="PostRebuildCB"/>
    <P Name="IsCodeContext">false</P>
    <P Name="SchedulerBlock">1</P>
    <P Name="SourceTypeString">Inport</P>
    <P Name="SinkTypeString">Outport</P>
    <P Name="CustomSourcePath"/>
    <P Name="CustomSinkPath"/>
    <P Name="BlockSIDs">6|16|0|0|0|0|0</P>
    <P Name="OpenGraphs">||||controller_Harness_PedalPosition</P>
    <P Name="ExistingBuildFolder"/>
    <P Name="FunctionInterfaceName"/>
  </Harness>
  <Harness>
    <P Name="Name">controller_Harness_Selector</P>
    <P Name="Description"/>
    <P Name="CreatedBy">Matteo</P>
    <P Name="CreatedOn">Thu Jun 20 18:06:45 2024</P>
    <P Name="ModifiedBy">dadog</P>
    <P Name="LastSaved">Fri Jun 21 13:30:42 2024</P>
    <P Name="Owner">186</P>
    <P Name="OwnerType">SS_HARNESS</P>
    <P Name="OwnerPath">Subsystem</P>
    <P Name="Directory"/>
    <P Name="FileName">controller_Harness_Selector.slx</P>
    <P Name="SavedVersion">23.2</P>
    <P Name="HarnessUUID">5ff9f72e-d9dc-46fa-908c-70b32efaeb61</P>
    <P Name="HarnessConnectionsMap">0|0|0,0,0,0||</P>
    <P Name="VerificationMode">0</P>
    <P Name="HarnessOwnerCheckSum">0,0,0,0</P>
    <P Name="RebuildOnOpen">false</P>
    <P Name="RebuildModelData">false</P>
    <P Name="Graphical">false</P>
    <P Name="DriveFcnCallWithTS">true</P>
    <P Name="ScheduleInitTermReset">false</P>
    <P Name="AutoShapeInputs">false</P>
    <P Name="SLDVCompatible">no</P>
    <P Name="SynchronizationMode">0</P>
    <P Name="IsImported">false</P>
    <P Name="PostRebuildCB"/>
    <P Name="IsCodeContext">false</P>
    <P Name="SchedulerBlock">1</P>
    <P Name="SourceTypeString">Inport</P>
    <P Name="SinkTypeString">Outport</P>
    <P Name="CustomSourcePath"/>
    <P Name="CustomSinkPath"/>
    <P Name="BlockSIDs">4|10|0|0|0|0|0</P>
    <P Name="OpenGraphs">||||controller_Harness_Selector</P>
    <P Name="ExistingBuildFolder"/>
    <P Name="FunctionInterfaceName"/>
  </Harness>
  <Harness>
    <P Name="Name">controller_Harness_Torque</P>
    <P Name="Description"/>
    <P Name="CreatedBy">Matteo</P>
    <P Name="CreatedOn">Thu Jun 20 18:30:38 2024</P>
    <P Name="ModifiedBy">dadog</P>
    <P Name="LastSaved">Fri Jun 21 13:34:49 2024</P>
    <P Name="Owner">190</P>
    <P Name="OwnerType">SS_HARNESS</P>
    <P Name="OwnerPath">Subsystem1</P>
    <P Name="Directory"/>
    <P Name="FileName">controller_Harness_Torque.slx</P>
    <P Name="SavedVersion">23.2</P>
    <P Name="HarnessUUID">f55cef4b-143f-4777-8028-f673179f9373</P>
    <P Name="HarnessConnectionsMap">0,1|0|0,0,0,0||</P>
    <P Name="VerificationMode">0</P>
    <P Name="HarnessOwnerCheckSum">0,0,0,0</P>
    <P Name="RebuildOnOpen">false</P>
    <P Name="RebuildModelData">false</P>
    <P Name="Graphical">false</P>
    <P Name="DriveFcnCallWithTS">true</P>
    <P Name="ScheduleInitTermReset">false</P>
    <P Name="AutoShapeInputs">false</P>
    <P Name="SLDVCompatible">no</P>
    <P Name="SynchronizationMode">0</P>
    <P Name="IsImported">false</P>
    <P Name="PostRebuildCB"/>
    <P Name="IsCodeContext">false</P>
    <P Name="SchedulerBlock">1</P>
    <P Name="SourceTypeString">Inport</P>
    <P Name="SinkTypeString">Outport</P>
    <P Name="CustomSourcePath"/>
    <P Name="CustomSinkPath"/>
    <P Name="BlockSIDs">5|15|0|0|0|0|0</P>
    <P Name="OpenGraphs">||||controller_Harness_Torque</P>
    <P Name="ExistingBuildFolder"/>
    <P Name="FunctionInterfaceName"/>
  </Harness>
  <Harness>
    <P Name="Name">controller_Harness_Warning</P>
    <P Name="Description"/>
    <P Name="CreatedBy">Matteo</P>
    <P Name="CreatedOn">Thu Jun 20 18:39:28 2024</P>
    <P Name="ModifiedBy">dadog</P>
    <P Name="LastSaved">Fri Jun 21 13:40:13 2024</P>
    <P Name="Owner">194</P>
    <P Name="OwnerType">SS_HARNESS</P>
    <P Name="OwnerPath">Subsystem2</P>
    <P Name="Directory"/>
    <P Name="FileName">controller_Harness_Warning.slx</P>
    <P Name="SavedVersion">23.2</P>
    <P Name="HarnessUUID">3090cfb4-f130-45a2-b94e-a01c98e1b39c</P>
    <P Name="HarnessConnectionsMap">0,1,2,3|0,1,2|0,0,0,0||</P>
    <P Name="VerificationMode">0</P>
    <P Name="HarnessOwnerCheckSum">0,0,0,0</P>
    <P Name="RebuildOnOpen">false</P>
    <P Name="RebuildModelData">false</P>
    <P Name="Graphical">false</P>
    <P Name="DriveFcnCallWithTS">true</P>
    <P Name="ScheduleInitTermReset">false</P>
    <P Name="AutoShapeInputs">false</P>
    <P Name="SLDVCompatible">no</P>
    <P Name="SynchronizationMode">0</P>
    <P Name="IsImported">false</P>
    <P Name="PostRebuildCB"/>
    <P Name="IsCodeContext">false</P>
    <P Name="SchedulerBlock">1</P>
    <P Name="SourceTypeString">Inport</P>
    <P Name="SinkTypeString">Outport</P>
    <P Name="CustomSourcePath"/>
    <P Name="CustomSinkPath"/>
    <P Name="BlockSIDs">9|27|0|0|0|0|0</P>
    <P Name="OpenGraphs">||||controller_Harness_Warning</P>
    <P Name="ExistingBuildFolder"/>
    <P Name="FunctionInterfaceName"/>
  </Harness>
  <Harness>
    <P Name="Name">controller_Harness</P>
    <P Name="Description"/>
    <P Name="CreatedBy">Matteo</P>
    <P Name="CreatedOn">Thu Jun 20 18:50:56 2024</P>
    <P Name="ModifiedBy">dadog</P>
    <P Name="LastSaved">Fri Jun 21 14:03:18 2024</P>
    <P Name="Owner">bd</P>
    <P Name="OwnerType">BD_HARNESS</P>
    <P Name="OwnerPath">.</P>
    <P Name="Directory"/>
    <P Name="FileName">controller_Harness.slx</P>
    <P Name="SavedVersion">23.2</P>
    <P Name="HarnessUUID">1594e43c-6fe7-4ed7-a95e-b92408660b9c</P>
    <P Name="HarnessConnectionsMap">0,1,2,3,4|0,1,2|0,0,0,0||</P>
    <P Name="VerificationMode">0</P>
    <P Name="HarnessOwnerCheckSum">0,0,0,0</P>
    <P Name="RebuildOnOpen">false</P>
    <P Name="RebuildModelData">false</P>
    <P Name="Graphical">false</P>
    <P Name="DriveFcnCallWithTS">true</P>
    <P Name="ScheduleInitTermReset">false</P>
    <P Name="AutoShapeInputs">false</P>
    <P Name="SLDVCompatible">no</P>
    <P Name="SynchronizationMode">1</P>
    <P Name="IsImported">false</P>
    <P Name="PostRebuildCB"/>
    <P Name="IsCodeContext">false</P>
    <P Name="SchedulerBlock">0</P>
    <P Name="SourceTypeString">Inport</P>
    <P Name="SinkTypeString">Outport</P>
    <P Name="CustomSourcePath"/>
    <P Name="CustomSinkPath"/>
    <P Name="BlockSIDs">2|24|0|0|0|0|0</P>
    <P Name="OpenGraphs"/>
    <P Name="ExistingBuildFolder"/>
    <P Name="FunctionInterfaceName"/>
  </Harness>
  <ModelMetadata>
    <P Name="ModelUUID">9019c547-c1c8-4b62-abea-f52a9f6a3666</P>
    <P Name="OwnerBDName">controller</P>
  </ModelMetadata>
</HarnessInformation>
